Site,Label,Concepticon_ID,Concepticon_Gloss
1,char_0_,,
2,char_1_,,
3,char_2_thou,1215,THOU
4,char_3_thou,1215,THOU
5,char_4_we,1212,WE
6,char_5_we,1212,WE
7,char_6_we,1212,WE
8,char_7_this,1214,THIS
9,char_8_this,1214,THIS
10,char_9_this,1214,THIS
11,char_10_this,1214,THIS
12,char_11_that,78,THAT
13,char_12_that,78,THAT
14,char_13_that,78,THAT
15,char_14_who,1235,WHO
16,char_15_who,1235,WHO
17,char_16_who,1235,WHO
18,char_17_who,1235,WHO
19,char_18_who,1235,WHO
20,char_19_what,1236,WHAT
21,char_20_what,1236,WHAT
22,char_21_not,1240,NOT
23,char_22_not,1240,NOT
24,char_23_not,1240,NOT
25,char_24_not,1240,NOT
26,char_25_not,1240,NOT
27,char_26_not,1240,NOT
28,char_27_not,1240,NOT
29,char_28_not,1240,NOT
30,char_29_not,1240,NOT
31,char_30_not,1240,NOT
32,char_31_all,98,ALL
33,char_32_all,98,ALL
34,char_33_all,98,ALL
35,char_34_all,98,ALL
36,char_35_all,98,ALL
37,char_36_all,98,ALL
38,char_37_all,98,ALL
39,char_38_all,98,ALL
40,char_39_all,98,ALL
41,char_40_all,98,ALL
42,char_41_all,98,ALL
43,char_42_all,98,ALL
44,char_43_all,98,ALL
45,char_44_all,98,ALL
46,char_45_all,98,ALL
47,char_46_all,98,ALL
48,char_47_many,1198,MANY
49,char_48_many,1198,MANY
50,char_49_many,1198,MANY
51,char_50_many,1198,MANY
52,char_51_many,1198,MANY
53,char_52_many,1198,MANY
54,char_53_many,1198,MANY
55,char_54_many,1198,MANY
56,char_55_many,1198,MANY
57,char_56_many,1198,MANY
58,char_57_many,1198,MANY
59,char_58_many,1198,MANY
60,char_59_many,1198,MANY
61,char_60_many,1198,MANY
62,char_61_many,1198,MANY
63,char_62_many,1198,MANY
64,char_63_many,1198,MANY
65,char_64_many,1198,MANY
66,char_65_many,1198,MANY
67,char_66_many,1198,MANY
68,char_67_one,1493,ONE
69,char_68_one,1493,ONE
70,char_69_one,1493,ONE
71,char_70_two,1498,TWO
72,char_71_two,1498,TWO
73,char_72_two,1498,TWO
74,char_73_two,1498,TWO
75,char_74_two,1498,TWO
76,char_75_two,1498,TWO
77,char_76_big,1202,BIG
78,char_77_big,1202,BIG
79,char_78_big,1202,BIG
80,char_79_big,1202,BIG
81,char_80_big,1202,BIG
82,char_81_big,1202,BIG
83,char_82_big,1202,BIG
84,char_83_big,1202,BIG
85,char_84_big,1202,BIG
86,char_85_big,1202,BIG
87,char_86_big,1202,BIG
88,char_87_long,1203,LONG
89,char_88_long,1203,LONG
90,char_89_long,1203,LONG
91,char_90_long,1203,LONG
92,char_91_long,1203,LONG
93,char_92_long,1203,LONG
94,char_93_long,1203,LONG
95,char_94_long,1203,LONG
96,char_95_small,1246,SMALL
97,char_96_small,1246,SMALL
98,char_97_small,1246,SMALL
99,char_98_small,1246,SMALL
100,char_99_small,1246,SMALL
101,char_100_small,1246,SMALL
102,char_101_small,1246,SMALL
103,char_102_small,1246,SMALL
104,char_103_small,1246,SMALL
105,char_104_small,1246,SMALL
106,char_105_small,1246,SMALL
107,char_106_woman,962,WOMAN
108,char_107_woman,962,WOMAN
109,char_108_woman,962,WOMAN
110,char_109_woman,962,WOMAN
111,char_110_woman,962,WOMAN
112,char_111_woman,962,WOMAN
113,char_112_woman,962,WOMAN
114,char_113_woman,962,WOMAN
115,char_114_woman,962,WOMAN
116,char_115_woman,962,WOMAN
117,char_116_woman,962,WOMAN
118,char_117_woman,962,WOMAN
119,char_118_woman,962,WOMAN
120,char_119_woman,962,WOMAN
121,char_120_woman,962,WOMAN
122,char_121_woman,962,WOMAN
123,char_122_woman,962,WOMAN
124,char_123_woman,962,WOMAN
125,char_124_woman,962,WOMAN
126,char_125_man,1554,MAN
127,char_126_man,1554,MAN
128,char_127_man,1554,MAN
129,char_128_man,1554,MAN
130,char_129_man,1554,MAN
131,char_130_man,1554,MAN
132,char_131_man,1554,MAN
133,char_132_man,1554,MAN
134,char_133_man,1554,MAN
135,char_134_man,1554,MAN
136,char_135_man,1554,MAN
137,char_136_man,1554,MAN
138,char_137_man,1554,MAN
139,char_138_man,1554,MAN
140,char_139_man,1554,MAN
141,char_140_man,1554,MAN
142,char_141_man,1554,MAN
143,char_142_man,1554,MAN
144,char_143_man,1554,MAN
145,char_144_person,683,PERSON
146,char_145_person,683,PERSON
147,char_146_person,683,PERSON
148,char_147_person,683,PERSON
149,char_148_person,683,PERSON
150,char_149_person,683,PERSON
151,char_150_person,683,PERSON
152,char_151_person,683,PERSON
153,char_152_bird,937,BIRD
154,char_153_bird,937,BIRD
155,char_154_bird,937,BIRD
156,char_155_bird,937,BIRD
157,char_156_bird,937,BIRD
158,char_157_bird,937,BIRD
159,char_158_bird,937,BIRD
160,char_159_bird,937,BIRD
161,char_160_bird,937,BIRD
162,char_161_bird,937,BIRD
163,char_162_dog,2009,DOG
164,char_163_dog,2009,DOG
165,char_164_dog,2009,DOG
166,char_165_dog,2009,DOG
167,char_166_dog,2009,DOG
168,char_167_dog,2009,DOG
169,char_168_louse,310,HEAD LOUSE
170,char_169_louse,310,HEAD LOUSE
171,char_170_louse,310,HEAD LOUSE
172,char_171_louse,310,HEAD LOUSE
173,char_172_louse,310,HEAD LOUSE
174,char_173_louse,310,HEAD LOUSE
175,char_174_louse,310,HEAD LOUSE
176,char_175_tree,906,TREE
177,char_176_tree,906,TREE
178,char_177_tree,906,TREE
179,char_178_tree,906,TREE
180,char_179_tree,906,TREE
181,char_180_tree,906,TREE
182,char_181_seed,714,SEED
183,char_182_seed,714,SEED
184,char_183_seed,714,SEED
185,char_184_seed,714,SEED
186,char_185_seed,714,SEED
187,char_186_seed,714,SEED
188,char_187_seed,714,SEED
189,char_188_leaf,628,LEAF
190,char_189_leaf,628,LEAF
191,char_190_leaf,628,LEAF
192,char_191_leaf,628,LEAF
193,char_192_leaf,628,LEAF
194,char_193_leaf,628,LEAF
195,char_194_leaf,628,LEAF
196,char_195_leaf,628,LEAF
197,char_196_leaf,628,LEAF
198,char_197_root,670,ROOT
199,char_198_root,670,ROOT
200,char_199_root,670,ROOT
201,char_200_root,670,ROOT
202,char_201_root,670,ROOT
203,char_202_root,670,ROOT
204,char_203_root,670,ROOT
205,char_204_bark,1204,BARK
206,char_205_bark,1204,BARK
207,char_206_bark,1204,BARK
208,char_207_bark,1204,BARK
209,char_208_bark,1204,BARK
210,char_209_bark,1204,BARK
211,char_210_bark,1204,BARK
212,char_211_bark,1204,BARK
213,char_212_bark,1204,BARK
214,char_213_bark,1204,BARK
215,char_214_bark,1204,BARK
216,char_215_bark,1204,BARK
217,char_216_bark,1204,BARK
218,char_217_bark,1204,BARK
219,char_218_bark,1204,BARK
220,char_219_skin,763,SKIN
221,char_220_skin,763,SKIN
222,char_221_skin,763,SKIN
223,char_222_skin,763,SKIN
224,char_223_skin,763,SKIN
225,char_224_skin,763,SKIN
226,char_225_meat,634,MEAT
227,char_226_meat,634,MEAT
228,char_227_meat,634,MEAT
229,char_228_meat,634,MEAT
230,char_229_meat,634,MEAT
231,char_230_meat,634,MEAT
232,char_231_meat,634,MEAT
233,char_232_meat,634,MEAT
234,char_233_meat,634,MEAT
235,char_234_meat,634,MEAT
236,char_235_meat,634,MEAT
237,char_236_meat,634,MEAT
238,char_237_meat,634,MEAT
239,char_238_meat,634,MEAT
240,char_239_blood,946,BLOOD
241,char_240_blood,946,BLOOD
242,char_241_blood,946,BLOOD
243,char_242_blood,946,BLOOD
244,char_243_blood,946,BLOOD
245,char_244_blood,946,BLOOD
246,char_245_blood,946,BLOOD
247,char_246_bone,1394,BONE
248,char_247_bone,1394,BONE
249,char_248_bone,1394,BONE
250,char_249_bone,1394,BONE
251,char_250_bone,1394,BONE
252,char_251_bone,1394,BONE
253,char_252_bone,1394,BONE
254,char_253_bone,1394,BONE
255,char_254_fat,1282,FAT (FROM ANIMALS)
256,char_255_fat,1282,FAT (FROM ANIMALS)
257,char_256_fat,1282,FAT (FROM ANIMALS)
258,char_257_fat,1282,FAT (FROM ANIMALS)
259,char_258_fat,1282,FAT (FROM ANIMALS)
260,char_259_fat,1282,FAT (FROM ANIMALS)
261,char_260_fat,1282,FAT (FROM ANIMALS)
262,char_261_fat,1282,FAT (FROM ANIMALS)
263,char_262_fat,1282,FAT (FROM ANIMALS)
264,char_263_fire,221,FIRE
265,char_264_fire,221,FIRE
266,char_265_fire,221,FIRE
267,char_266_fire,221,FIRE
268,char_267_fire,221,FIRE
269,char_268_fire,221,FIRE
270,char_269_fire,221,FIRE
271,char_270_fire,221,FIRE
272,char_271_fire,221,FIRE
273,char_272_fire,221,FIRE
274,char_273_fire,221,FIRE
275,char_274_fire,221,FIRE
276,char_275_egg,744,EGG
277,char_276_egg,744,EGG
278,char_277_egg,744,EGG
279,char_278_egg,744,EGG
280,char_279_egg,744,EGG
281,char_280_egg,744,EGG
282,char_281_egg,744,EGG
283,char_282_egg,744,EGG
284,char_283_egg,744,EGG
285,char_284_egg,744,EGG
286,char_285_egg,744,EGG
287,char_286_egg,744,EGG
288,char_287_egg,744,EGG
289,char_288_horn,1393,HORN (ANATOMY)
290,char_289_horn,1393,HORN (ANATOMY)
291,char_290_horn,1393,HORN (ANATOMY)
292,char_291_horn,1393,HORN (ANATOMY)
293,char_292_horn,1393,HORN (ANATOMY)
294,char_293_horn,1393,HORN (ANATOMY)
295,char_294_tail,1220,TAIL
296,char_295_tail,1220,TAIL
297,char_296_tail,1220,TAIL
298,char_297_tail,1220,TAIL
299,char_298_tail,1220,TAIL
300,char_299_tail,1220,TAIL
301,char_300_tail,1220,TAIL
302,char_301_feather,1201,FEATHER
303,char_302_feather,1201,FEATHER
304,char_303_feather,1201,FEATHER
305,char_304_feather,1201,FEATHER
306,char_305_feather,1201,FEATHER
307,char_306_feather,1201,FEATHER
308,char_307_feather,1201,FEATHER
309,char_308_feather,1201,FEATHER
310,char_309_feather,1201,FEATHER
311,char_310_feather,1201,FEATHER
312,char_311_feather,1201,FEATHER
313,char_312_feather,1201,FEATHER
314,char_313_feather,1201,FEATHER
315,char_314_fish,227,FISH
316,char_315_fish,227,FISH
317,char_316_fish,227,FISH
318,char_317_fish,227,FISH
319,char_318_fish,227,FISH
320,char_319_fish,227,FISH
321,char_320_fish,227,FISH
322,char_321_hair,2648,HAIR (HEAD)
323,char_322_hair,2648,HAIR (HEAD)
324,char_323_hair,2648,HAIR (HEAD)
325,char_324_hair,2648,HAIR (HEAD)
326,char_325_hair,2648,HAIR (HEAD)
327,char_326_hair,2648,HAIR (HEAD)
328,char_327_hair,2648,HAIR (HEAD)
329,char_328_hair,2648,HAIR (HEAD)
330,char_329_hair,2648,HAIR (HEAD)
331,char_330_hair,2648,HAIR (HEAD)
332,char_331_hair,2648,HAIR (HEAD)
333,char_332_hair,2648,HAIR (HEAD)
334,char_333_hair,2648,HAIR (HEAD)
335,char_334_hair,2648,HAIR (HEAD)
336,char_335_head,1256,HEAD
337,char_336_head,1256,HEAD
338,char_337_head,1256,HEAD
339,char_338_head,1256,HEAD
340,char_339_head,1256,HEAD
341,char_340_head,1256,HEAD
342,char_341_ear,1247,EAR
343,char_342_ear,1247,EAR
344,char_343_ear,1247,EAR
345,char_344_ear,1247,EAR
346,char_345_eye,1248,EYE
347,char_346_eye,1248,EYE
348,char_347_eye,1248,EYE
349,char_348_eye,1248,EYE
350,char_349_claw,72,CLAW
351,char_350_claw,72,CLAW
352,char_351_claw,72,CLAW
353,char_352_claw,72,CLAW
354,char_353_claw,72,CLAW
355,char_354_claw,72,CLAW
356,char_355_claw,72,CLAW
357,char_356_nose,1221,NOSE
358,char_357_nose,1221,NOSE
359,char_358_nose,1221,NOSE
360,char_359_nose,1221,NOSE
361,char_360_nose,1221,NOSE
362,char_361_nose,1221,NOSE
363,char_362_mouth,674,MOUTH
364,char_363_mouth,674,MOUTH
365,char_364_mouth,674,MOUTH
366,char_365_mouth,674,MOUTH
367,char_366_mouth,674,MOUTH
368,char_367_mouth,674,MOUTH
369,char_368_mouth,674,MOUTH
370,char_369_mouth,674,MOUTH
371,char_370_mouth,674,MOUTH
372,char_371_tooth,1380,TOOTH
373,char_372_tooth,1380,TOOTH
374,char_373_tooth,1380,TOOTH
375,char_374_tooth,1380,TOOTH
376,char_375_tongue,1205,TONGUE
377,char_376_tongue,1205,TONGUE
378,char_377_tongue,1205,TONGUE
379,char_378_tongue,1205,TONGUE
380,char_379_tongue,1205,TONGUE
381,char_380_foot,1301,FOOT
382,char_381_foot,1301,FOOT
383,char_382_foot,1301,FOOT
384,char_383_foot,1301,FOOT
385,char_384_foot,1301,FOOT
386,char_385_foot,1301,FOOT
387,char_386_foot,1301,FOOT
388,char_387_foot,1301,FOOT
389,char_388_foot,1301,FOOT
390,char_389_foot,1301,FOOT
391,char_390_knee,1371,KNEE
392,char_391_knee,1371,KNEE
393,char_392_knee,1371,KNEE
394,char_393_knee,1371,KNEE
395,char_394_knee,1371,KNEE
396,char_395_knee,1371,KNEE
397,char_396_knee,1371,KNEE
398,char_397_knee,1371,KNEE
399,char_398_knee,1371,KNEE
400,char_399_knee,1371,KNEE
401,char_400_hand,1277,HAND
402,char_401_hand,1277,HAND
403,char_402_hand,1277,HAND
404,char_403_hand,1277,HAND
405,char_404_belly,1251,BELLY
406,char_405_belly,1251,BELLY
407,char_406_belly,1251,BELLY
408,char_407_belly,1251,BELLY
409,char_408_belly,1251,BELLY
410,char_409_belly,1251,BELLY
411,char_410_belly,1251,BELLY
412,char_411_belly,1251,BELLY
413,char_412_belly,1251,BELLY
414,char_413_belly,1251,BELLY
415,char_414_belly,1251,BELLY
416,char_415_belly,1251,BELLY
417,char_416_neck,1333,NECK
418,char_417_neck,1333,NECK
419,char_418_neck,1333,NECK
420,char_419_neck,1333,NECK
421,char_420_neck,1333,NECK
422,char_421_neck,1333,NECK
423,char_422_neck,1333,NECK
424,char_423_neck,1333,NECK
425,char_424_neck,1333,NECK
426,char_425_neck,1333,NECK
427,char_426_neck,1333,NECK
428,char_427_neck,1333,NECK
429,char_428_neck,1333,NECK
430,char_429_breast,1402,BREAST
431,char_430_breast,1402,BREAST
432,char_431_breast,1402,BREAST
433,char_432_breast,1402,BREAST
434,char_433_breast,1402,BREAST
435,char_434_breast,1402,BREAST
436,char_435_breast,1402,BREAST
437,char_436_breast,1402,BREAST
438,char_437_breast,1402,BREAST
439,char_438_breast,1402,BREAST
440,char_439_breast,1402,BREAST
441,char_440_breast,1402,BREAST
442,char_441_breast,1402,BREAST
443,char_442_breast,1402,BREAST
444,char_443_breast,1402,BREAST
445,char_444_breast,1402,BREAST
446,char_445_heart,1223,HEART
447,char_446_heart,1223,HEART
448,char_447_heart,1223,HEART
449,char_448_heart,1223,HEART
450,char_449_heart,1223,HEART
451,char_450_heart,1223,HEART
452,char_451_heart,1223,HEART
453,char_452_heart,1223,HEART
454,char_453_heart,1223,HEART
455,char_454_heart,1223,HEART
456,char_455_heart,1223,HEART
457,char_456_liver,1224,LIVER
458,char_457_liver,1224,LIVER
459,char_458_liver,1224,LIVER
460,char_459_liver,1224,LIVER
461,char_460_liver,1224,LIVER
462,char_461_liver,1224,LIVER
463,char_462_liver,1224,LIVER
464,char_463_liver,1224,LIVER
465,char_464_liver,1224,LIVER
466,char_465_liver,1224,LIVER
467,char_466_liver,1224,LIVER
468,char_467_drink,1401,DRINK
469,char_468_drink,1401,DRINK
470,char_469_drink,1401,DRINK
471,char_470_drink,1401,DRINK
472,char_471_drink,1401,DRINK
473,char_472_drink,1401,DRINK
474,char_473_eat,1336,EAT
475,char_474_eat,1336,EAT
476,char_475_eat,1336,EAT
477,char_476_eat,1336,EAT
478,char_477_eat,1336,EAT
479,char_478_eat,1336,EAT
480,char_479_eat,1336,EAT
481,char_480_eat,1336,EAT
482,char_481_eat,1336,EAT
483,char_482_eat,1336,EAT
484,char_483_bite,1403,BITE
485,char_484_bite,1403,BITE
486,char_485_bite,1403,BITE
487,char_486_bite,1403,BITE
488,char_487_bite,1403,BITE
489,char_488_bite,1403,BITE
490,char_489_bite,1403,BITE
491,char_490_bite,1403,BITE
492,char_491_see,1409,SEE
493,char_492_see,1409,SEE
494,char_493_see,1409,SEE
495,char_494_see,1409,SEE
496,char_495_see,1409,SEE
497,char_496_see,1409,SEE
498,char_497_see,1409,SEE
499,char_498_see,1409,SEE
500,char_499_see,1409,SEE
501,char_500_see,1409,SEE
502,char_501_see,1409,SEE
503,char_502_hear,1408,HEAR
504,char_503_hear,1408,HEAR
505,char_504_hear,1408,HEAR
506,char_505_hear,1408,HEAR
507,char_506_know,3626,KNOW
508,char_507_know,3626,KNOW
509,char_508_know,3626,KNOW
510,char_509_know,3626,KNOW
511,char_510_know,3626,KNOW
512,char_511_know,3626,KNOW
513,char_512_know,3626,KNOW
514,char_513_know,3626,KNOW
515,char_514_know,3626,KNOW
516,char_515_know,3626,KNOW
517,char_516_know,3626,KNOW
518,char_517_know,3626,KNOW
519,char_518_know,3626,KNOW
520,char_519_sleep,1585,SLEEP
521,char_520_sleep,1585,SLEEP
522,char_521_sleep,1585,SLEEP
523,char_522_sleep,1585,SLEEP
524,char_523_sleep,1585,SLEEP
525,char_524_sleep,1585,SLEEP
526,char_525_sleep,1585,SLEEP
527,char_526_sleep,1585,SLEEP
528,char_527_sleep,1585,SLEEP
529,char_528_sleep,1585,SLEEP
530,char_529_sleep,1585,SLEEP
531,char_530_sleep,1585,SLEEP
532,char_531_die,1494,DIE
533,char_532_die,1494,DIE
534,char_533_die,1494,DIE
535,char_534_die,1494,DIE
536,char_535_die,1494,DIE
537,char_536_die,1494,DIE
538,char_537_die,1494,DIE
539,char_538_kill,1417,KILL
540,char_539_kill,1417,KILL
541,char_540_kill,1417,KILL
542,char_541_kill,1417,KILL
543,char_542_kill,1417,KILL
544,char_543_kill,1417,KILL
545,char_544_kill,1417,KILL
546,char_545_kill,1417,KILL
547,char_546_kill,1417,KILL
548,char_547_kill,1417,KILL
549,char_548_kill,1417,KILL
550,char_549_kill,1417,KILL
551,char_550_swim,1439,SWIM
552,char_551_swim,1439,SWIM
553,char_552_swim,1439,SWIM
554,char_553_swim,1439,SWIM
555,char_554_swim,1439,SWIM
556,char_555_swim,1439,SWIM
557,char_556_swim,1439,SWIM
558,char_557_swim,1439,SWIM
559,char_558_swim,1439,SWIM
560,char_559_swim,1439,SWIM
561,char_560_fly,1441,FLY (MOVE THROUGH AIR)
562,char_561_fly,1441,FLY (MOVE THROUGH AIR)
563,char_562_fly,1441,FLY (MOVE THROUGH AIR)
564,char_563_fly,1441,FLY (MOVE THROUGH AIR)
565,char_564_fly,1441,FLY (MOVE THROUGH AIR)
566,char_565_fly,1441,FLY (MOVE THROUGH AIR)
567,char_566_fly,1441,FLY (MOVE THROUGH AIR)
568,char_567_fly,1441,FLY (MOVE THROUGH AIR)
569,char_568_walk,1443,WALK
570,char_569_walk,1443,WALK
571,char_570_walk,1443,WALK
572,char_571_walk,1443,WALK
573,char_572_walk,1443,WALK
574,char_573_walk,1443,WALK
575,char_574_come,1446,COME
576,char_575_come,1446,COME
577,char_576_lie,1411,LIE (REST)
578,char_577_lie,1411,LIE (REST)
579,char_578_lie,1411,LIE (REST)
580,char_579_lie,1411,LIE (REST)
581,char_580_lie,1411,LIE (REST)
582,char_581_lie,1411,LIE (REST)
583,char_582_lie,1411,LIE (REST)
584,char_583_lie,1411,LIE (REST)
585,char_584_lie,1411,LIE (REST)
586,char_585_lie,1411,LIE (REST)
587,char_586_lie,1411,LIE (REST)
588,char_587_lie,1411,LIE (REST)
589,char_588_lie,1411,LIE (REST)
590,char_589_lie,1411,LIE (REST)
591,char_590_sit,1416,SIT
592,char_591_sit,1416,SIT
593,char_592_sit,1416,SIT
594,char_593_sit,1416,SIT
595,char_594_sit,1416,SIT
596,char_595_sit,1416,SIT
597,char_596_sit,1416,SIT
598,char_597_sit,1416,SIT
599,char_598_sit,1416,SIT
600,char_599_sit,1416,SIT
601,char_600_sit,1416,SIT
602,char_601_stand,1442,STAND
603,char_602_stand,1442,STAND
604,char_603_stand,1442,STAND
605,char_604_stand,1442,STAND
606,char_605_stand,1442,STAND
607,char_606_stand,1442,STAND
608,char_607_stand,1442,STAND
609,char_608_give,1447,GIVE
610,char_609_give,1447,GIVE
611,char_610_give,1447,GIVE
612,char_611_give,1447,GIVE
613,char_612_say,1458,SAY
614,char_613_say,1458,SAY
615,char_614_say,1458,SAY
616,char_615_say,1458,SAY
617,char_616_say,1458,SAY
618,char_617_say,1458,SAY
619,char_618_say,1458,SAY
620,char_619_say,1458,SAY
621,char_620_say,1458,SAY
622,char_621_say,1458,SAY
623,char_622_say,1458,SAY
624,char_623_say,1458,SAY
625,char_624_say,1458,SAY
626,char_625_say,1458,SAY
627,char_626_say,1458,SAY
628,char_627_sun,1343,SUN
629,char_628_sun,1343,SUN
630,char_629_sun,1343,SUN
631,char_630_sun,1343,SUN
632,char_631_sun,1343,SUN
633,char_632_sun,1343,SUN
634,char_633_sun,1343,SUN
635,char_634_moon,1313,MOON
636,char_635_moon,1313,MOON
637,char_636_moon,1313,MOON
638,char_637_moon,1313,MOON
639,char_638_moon,1313,MOON
640,char_639_moon,1313,MOON
641,char_640_moon,1313,MOON
642,char_641_moon,1313,MOON
643,char_642_star,1430,STAR
644,char_643_star,1430,STAR
645,char_644_star,1430,STAR
646,char_645_star,1430,STAR
647,char_646_star,1430,STAR
648,char_647_star,1430,STAR
649,char_648_star,1430,STAR
650,char_649_water,948,WATER
651,char_650_water,948,WATER
652,char_651_water,948,WATER
653,char_652_water,948,WATER
654,char_653_water,948,WATER
655,char_654_water,948,WATER
656,char_655_water,948,WATER
657,char_656_water,948,WATER
658,char_657_rain,658,RAIN (PRECIPITATION)
659,char_658_rain,658,RAIN (PRECIPITATION)
660,char_659_rain,658,RAIN (PRECIPITATION)
661,char_660_rain,658,RAIN (PRECIPITATION)
662,char_661_rain,658,RAIN (PRECIPITATION)
663,char_662_rain,658,RAIN (PRECIPITATION)
664,char_663_rain,658,RAIN (PRECIPITATION)
665,char_664_rain,658,RAIN (PRECIPITATION)
666,char_665_stone,857,STONE
667,char_666_stone,857,STONE
668,char_667_stone,857,STONE
669,char_668_stone,857,STONE
670,char_669_stone,857,STONE
671,char_670_stone,857,STONE
672,char_671_stone,857,STONE
673,char_672_stone,857,STONE
674,char_673_sand,671,SAND
675,char_674_sand,671,SAND
676,char_675_sand,671,SAND
677,char_676_sand,671,SAND
678,char_677_sand,671,SAND
679,char_678_sand,671,SAND
680,char_679_sand,671,SAND
681,char_680_sand,671,SAND
682,char_681_earth,1228,EARTH (SOIL)
683,char_682_earth,1228,EARTH (SOIL)
684,char_683_earth,1228,EARTH (SOIL)
685,char_684_earth,1228,EARTH (SOIL)
686,char_685_earth,1228,EARTH (SOIL)
687,char_686_earth,1228,EARTH (SOIL)
688,char_687_earth,1228,EARTH (SOIL)
689,char_688_earth,1228,EARTH (SOIL)
690,char_689_earth,1228,EARTH (SOIL)
691,char_690_cloud,1489,CLOUD
692,char_691_cloud,1489,CLOUD
693,char_692_cloud,1489,CLOUD
694,char_693_cloud,1489,CLOUD
695,char_694_cloud,1489,CLOUD
696,char_695_cloud,1489,CLOUD
697,char_696_cloud,1489,CLOUD
698,char_697_cloud,1489,CLOUD
699,char_698_cloud,1489,CLOUD
700,char_699_cloud,1489,CLOUD
701,char_700_cloud,1489,CLOUD
702,char_701_smoke,778,SMOKE (EXHAUST)
703,char_702_smoke,778,SMOKE (EXHAUST)
704,char_703_smoke,778,SMOKE (EXHAUST)
705,char_704_smoke,778,SMOKE (EXHAUST)
706,char_705_ashes,646,ASH
707,char_706_ashes,646,ASH
708,char_707_ashes,646,ASH
709,char_708_ashes,646,ASH
710,char_709_ashes,646,ASH
711,char_710_ashes,646,ASH
712,char_711_ashes,646,ASH
713,char_712_ashes,646,ASH
714,char_713_burn,2102,BURN
715,char_714_burn,2102,BURN
716,char_715_burn,2102,BURN
717,char_716_burn,2102,BURN
718,char_717_burn,2102,BURN
719,char_718_burn,2102,BURN
720,char_719_burn,2102,BURN
721,char_720_burn,2102,BURN
722,char_721_burn,2102,BURN
723,char_722_burn,2102,BURN
724,char_723_burn,2102,BURN
725,char_724_burn,2102,BURN
726,char_725_burn,2102,BURN
727,char_726_road,667,ROAD
728,char_727_road,667,ROAD
729,char_728_road,667,ROAD
730,char_729_road,667,ROAD
731,char_730_road,667,ROAD
732,char_731_road,667,ROAD
733,char_732_road,667,ROAD
734,char_733_road,667,ROAD
735,char_734_road,667,ROAD
736,char_735_road,667,ROAD
737,char_736_road,667,ROAD
738,char_737_road,667,ROAD
739,char_738_mountain,639,MOUNTAIN
740,char_739_mountain,639,MOUNTAIN
741,char_740_mountain,639,MOUNTAIN
742,char_741_mountain,639,MOUNTAIN
743,char_742_mountain,639,MOUNTAIN
744,char_743_mountain,639,MOUNTAIN
745,char_744_mountain,639,MOUNTAIN
746,char_745_mountain,639,MOUNTAIN
747,char_746_mountain,639,MOUNTAIN
748,char_747_mountain,639,MOUNTAIN
749,char_748_mountain,639,MOUNTAIN
750,char_749_mountain,639,MOUNTAIN
751,char_750_mountain,639,MOUNTAIN
752,char_751_mountain,639,MOUNTAIN
753,char_752_red,156,RED
754,char_753_red,156,RED
755,char_754_red,156,RED
756,char_755_red,156,RED
757,char_756_red,156,RED
758,char_757_red,156,RED
759,char_758_green,1425,GREEN
760,char_759_green,1425,GREEN
761,char_760_green,1425,GREEN
762,char_761_green,1425,GREEN
763,char_762_green,1425,GREEN
764,char_763_green,1425,GREEN
765,char_764_green,1425,GREEN
766,char_765_green,1425,GREEN
767,char_766_green,1425,GREEN
768,char_767_yellow,1424,YELLOW
769,char_768_yellow,1424,YELLOW
770,char_769_yellow,1424,YELLOW
771,char_770_yellow,1424,YELLOW
772,char_771_yellow,1424,YELLOW
773,char_772_yellow,1424,YELLOW
774,char_773_yellow,1424,YELLOW
775,char_774_yellow,1424,YELLOW
776,char_775_yellow,1424,YELLOW
777,char_776_yellow,1424,YELLOW
778,char_777_yellow,1424,YELLOW
779,char_778_yellow,1424,YELLOW
780,char_779_white,1335,WHITE
781,char_780_white,1335,WHITE
782,char_781_white,1335,WHITE
783,char_782_white,1335,WHITE
784,char_783_white,1335,WHITE
785,char_784_white,1335,WHITE
786,char_785_white,1335,WHITE
787,char_786_white,1335,WHITE
788,char_787_white,1335,WHITE
789,char_788_black,163,BLACK
790,char_789_black,163,BLACK
791,char_790_black,163,BLACK
792,char_791_black,163,BLACK
793,char_792_black,163,BLACK
794,char_793_black,163,BLACK
795,char_794_black,163,BLACK
796,char_795_black,163,BLACK
797,char_796_night,1233,NIGHT
798,char_797_night,1233,NIGHT
799,char_798_night,1233,NIGHT
800,char_799_night,1233,NIGHT
801,char_800_night,1233,NIGHT
802,char_801_night,1233,NIGHT
803,char_802_night,1233,NIGHT
804,char_803_night,1233,NIGHT
805,char_804_night,1233,NIGHT
806,char_805_night,1233,NIGHT
807,char_806_night,1233,NIGHT
808,char_807_night,1233,NIGHT
809,char_808_warm,1232,WARM
810,char_809_warm,1232,WARM
811,char_810_warm,1232,WARM
812,char_811_warm,1232,WARM
813,char_812_warm,1232,WARM
814,char_813_warm,1232,WARM
815,char_814_warm,1232,WARM
816,char_815_warm,1232,WARM
817,char_816_warm,1232,WARM
818,char_817_warm,1232,WARM
819,char_818_cold,1287,COLD
820,char_819_cold,1287,COLD
821,char_820_cold,1287,COLD
822,char_821_cold,1287,COLD
823,char_822_cold,1287,COLD
824,char_823_cold,1287,COLD
825,char_824_cold,1287,COLD
826,char_825_cold,1287,COLD
827,char_826_cold,1287,COLD
828,char_827_cold,1287,COLD
829,char_828_full,1429,FULL
830,char_829_full,1429,FULL
831,char_830_full,1429,FULL
832,char_831_full,1429,FULL
833,char_832_full,1429,FULL
834,char_833_full,1429,FULL
835,char_834_full,1429,FULL
836,char_835_full,1429,FULL
837,char_836_full,1429,FULL
838,char_837_new,1231,NEW
839,char_838_new,1231,NEW
840,char_839_new,1231,NEW
841,char_840_new,1231,NEW
842,char_841_new,1231,NEW
843,char_842_new,1231,NEW
844,char_843_good,1035,GOOD
845,char_844_good,1035,GOOD
846,char_845_good,1035,GOOD
847,char_846_good,1035,GOOD
848,char_847_good,1035,GOOD
849,char_848_good,1035,GOOD
850,char_849_good,1035,GOOD
851,char_850_good,1035,GOOD
852,char_851_good,1035,GOOD
853,char_852_good,1035,GOOD
854,char_853_good,1035,GOOD
855,char_854_good,1035,GOOD
856,char_855_good,1035,GOOD
857,char_856_round,1395,ROUND
858,char_857_round,1395,ROUND
859,char_858_round,1395,ROUND
860,char_859_round,1395,ROUND
861,char_860_round,1395,ROUND
862,char_861_round,1395,ROUND
863,char_862_round,1395,ROUND
864,char_863_round,1395,ROUND
865,char_864_dry,1398,DRY
866,char_865_dry,1398,DRY
867,char_866_dry,1398,DRY
868,char_867_dry,1398,DRY
869,char_868_dry,1398,DRY
870,char_869_dry,1398,DRY
871,char_870_dry,1398,DRY
872,char_871_dry,1398,DRY
873,char_872_dry,1398,DRY
874,char_873_dry,1398,DRY
875,char_874_name,1405,NAME
876,char_875_name,1405,NAME
877,char_876_name,1405,NAME
